"1";"Swan";"First1";"Normal";"None";;"153711";"3001";"26762";"7870";"47974";"21651";"4624";"9431";"9662";"19571";"3061";"0";"0";"0";"0";"0";"2019-02-21 14:05:09"
"1";"Swan";"Second1";"Normal";"None";;"99920";"4093";"32603";"3963";"27041";"12440";"2812";"4726";"4030";"5668";"2253";"0";"0";"0";"0";"0";"2019-02-21 14:07:15"
"1";"Swan";"Third1";"Normal";"None";;"88603";"973";"20012";"2181";"32270";"15371";"3420";"4152";"3976";"4860";"1203";"0";"0";"0";"0";"0";"2019-02-21 14:09:06"
"1";"Swan";"Test1";"Normal";"None";;"75302";"75303";"0";"0";"0";"0";"0";"0";"0";"0";"0";"0";"0";"0";"0";"0";"2019-02-21 14:10:54"
"1";"Swan";"Test2";"Normal";"None";;"69492";"69493";"0";"0";"0";"0";"0";"0";"0";"0";"0";"0";"0";"0";"0";"0";"2019-02-21 14:17:45"
"1";"Boat";"First2";"Augmented";"None";;"137791";"10061";"17730";"9766";"22772";"10110";"1490";"10212";"6401";"10462";"1590";"11952";"5840";"5092";"7323";"6813";"2019-02-21 14:20:41"
"1";"Boat";"Second2";"Augmented";"None";;"128506";"10961";"1851";"9791";"40341";"7802";"4222";"6632";"4511";"13691";"1601";"6911";"3900";"7151";"810";"8156";"2019-02-21 14:23:09"
"1";"Boat";"Third2";"Augmented";"None";;"89071";"10243";"1271";"14792";"11270";"7754";"1856";"3722";"4051";"9711";"3321";"3671";"4591";"4411";"6423";"1830";"2019-02-21 14:24:53"
"1";"Boat";"Test1";"Augmented";"None";;"73425";"73426";"0";"0";"0";"0";"0";"0";"0";"0";"0";"0";"0";"0";"0";"0";"2019-02-21 14:26:42"
"1";"Boat";"Test2";"Augmented";"None";;"96862";"96860";"0";"0";"0";"0";"0";"0";"0";"0";"0";"0";"0";"0";"0";"0";"2019-02-21 14:33:52"
"2";"Boat";"First1";"Augmented";"None";;"412925";"5212";"3941";"9740";"26042";"161690";"71830";"20651";"97683";"0";"0";"0";"0";"0";"0";"0";"2019-02-22 12:08:24"
"2";"Boat";"Second1";"Augmented";"None";;"244974";"8394";"4651";"33822";"37251";"10830";"4851";"8260";"17381";"15900";"3309";"6662";"6211";"64991";"5831";"16520";"2019-02-22 12:13:03"
"2";"Boat";"Third1";"Augmented";"None";;"149187";"10441";"1560";"4563";"12770";"11531";"2952";"5064";"19001";"9191";"2920";"6970";"5882";"43271";"7119";"5862";"2019-02-22 12:15:49"
"2";"Boat";"Test1";"Augmented";"None";;"92643";"92643";"0";"0";"0";"0";"0";"0";"0";"0";"0";"0";"0";"0";"0";"0";"2019-02-22 12:17:54"
"2";"Boat";"Test2";"Augmented";"None";;"86623";"86623";"0";"0";"0";"0";"0";"0";"0";"0";"0";"0";"0";"0";"0";"0";"2019-02-22 12:25:34"
"2";"Swan";"First2";"Normal";"None";;"164363";"3260";"26281";"4350";"28821";"15111";"12561";"6502";"9420";"35882";"22112";"0";"0";"0";"0";"0";"2019-02-22 12:28:46"
"2";"Swan";"Second2";"Normal";"None";;"112430";"1933";"22705";"4261";"35453";"13311";"11593";"4192";"7261";"8082";"3591";"0";"0";"0";"0";"0";"2019-02-22 12:31:01"
"2";"Swan";"Third2";"Normal";"None";;"85144";"2623";"21583";"3772";"19330";"10181";"6260";"4742";"3040";"8071";"5491";"0";"0";"0";"0";"0";"2019-02-22 12:32:43"
"2";"Swan";"Test1";"Normal";"None";;"69562";"69562";"0";"0";"0";"0";"0";"0";"0";"0";"0";"0";"0";"0";"0";"0";"2019-02-22 12:34:18"
"2";"Swan";"Test2";"Normal";"None";;"66661";"66663";"0";"0";"0";"0";"0";"0";"0";"0";"0";"0";"0";"0";"0";"0";"2019-02-22 12:41:05"
"3";"Swan";"Second1";"Augmented";"None";;"41741";"6961";"3501";"5071";"3880";"2600";"4920";"3730";"6461";"3650";"921";"0";"0";"0";"0";"0";"2019-02-22 13:34:23"
"3";"Swan";"Second1";"Augmented";"None";;"60972";"4204";"7101";"10550";"7161";"12462";"3501";"5590";"9221";"621";"493";"0";"0";"0";"0";"0";"2019-02-22 13:36:00"
"3";"Swan";"Test1";"Augmented";"None";;"62312";"8022";"5892";"10761";"10321";"810";"3152";"7954";"4331";"9250";"1770";"0";"0";"0";"0";"0";"2019-02-22 13:37:46"
"3";"Swan";"Test1";"Augmented";"None";;"45142";"45132";"0";"0";"0";"0";"0";"0";"0";"0";"0";"0";"0";"0";"0";"0";"2019-02-22 13:39:00"
"3";"Swan";"Test2";"Augmented";"None";;"55824";"55824";"0";"0";"0";"0";"0";"0";"0";"0";"0";"0";"0";"0";"0";"0";"2019-02-22 13:45:25"
"3";"Boat";"First2";"Normal";"None";;"142823";"7851";"2130";"11609";"15791";"21521";"4271";"2993";"10331";"7300";"1931";"7014";"6280";"32082";"1322";"10301";"2019-02-22 13:48:20"
"3";"Boat";"Second2";"Normal";"None";;"96435";"4721";"2631";"7044";"5842";"4970";"1540";"2672";"5521";"3921";"1862";"4050";"9730";"17981";"22002";"1862";"2019-02-22 13:50:23"
"3";"Boat";"Third2";"Normal";"None";;"76332";"3911";"3590";"7420";"6540";"4560";"1951";"1931";"13450";"5760";"2021";"2661";"7551";"7851";"5260";"1772";"2019-02-22 13:51:58"
"3";"Boat";"Third2";"Normal";"None";;"12980";"0";"0";"0";"0";"0";"0";"0";"0";"0";"0";"0";"0";"0";"0";"0";"2019-02-22 13:52:32"
"3";"Boat";"Test1";"Normal";"None";;"43400";"43402";"0";"0";"0";"0";"0";"0";"0";"0";"0";"0";"0";"0";"0";"0";"2019-02-22 13:53:23"
"3";"Boat";"Test2";"Normal";"None";;"66106";"66107";"0";"0";"0";"0";"0";"0";"0";"0";"0";"0";"0";"0";"0";"0";"2019-02-22 13:59:58"
"4";"Boat";"First1";"Normal";"None";;"229488";"7371";"3751";"9361";"22601";"14320";"3073";"8401";"9252";"21955";"9560";"8581";"7031";"76082";"19943";"8111";"2019-02-22 15:07:55"
"4";"Boat";"Second1";"Normal";"None";;"139413";"5053";"1193";"9460";"20801";"14130";"1470";"6881";"20471";"11301";"2480";"7406";"7243";"8863";"9812";"12740";"2019-02-22 15:10:36"
"4";"Boat";"Third1";"Normal";"None";;"109044";"4822";"2400";"9681";"15100";"8631";"1403";"6600";"4091";"17373";"2250";"6123";"5264";"13771";"3520";"7930";"2019-02-22 15:12:41"
"4";"Boat";"Test1";"Normal";"None";;"109432";"109422";"0";"0";"0";"0";"0";"0";"0";"0";"0";"0";"0";"0";"0";"0";"2019-02-22 15:14:47"
"4";"Boat";"Test2";"Normal";"None";;"82072";"82072";"0";"0";"0";"0";"0";"0";"0";"0";"0";"0";"0";"0";"0";"0";"2019-02-22 15:21:28"
"4";"Swan";"First2";"Augmented";"None";;"159833";"16850";"26741";"6913";"31751";"22852";"10040";"5971";"9352";"13890";"15421";"0";"0";"0";"0";"0";"2019-02-22 15:24:39"
"4";"Swan";"Second2";"Augmented";"None";;"97746";"4332";"20884";"4210";"19041";"10883";"6881";"3392";"11042";"11482";"5520";"0";"0";"0";"0";"0";"2019-02-22 15:26:31"
"4";"Swan";"Third2";"Augmented";"None";;"98983";"2450";"16152";"4680";"38671";"10440";"7110";"4951";"5701";"5370";"3390";"0";"0";"0";"0";"0";"2019-02-22 15:28:22"
"4";"Swan";"Test1";"Augmented";"None";;"81702";"81702";"0";"0";"0";"0";"0";"0";"0";"0";"0";"0";"0";"0";"0";"0";"2019-02-22 15:29:59"
"4";"Swan";"Test2";"Augmented";"None";;"98663";"98664";"0";"0";"0";"0";"0";"0";"0";"0";"0";"0";"0";"0";"0";"0";"2019-02-22 15:36:59"
"5";"Swan";"First1";"Normal";"None";;"99982";"10681";"17642";"4336";"23912";"10472";"7462";"4310";"6733";"9652";"4632";"0";"0";"0";"0";"0";"2019-02-26 15:36:00"
"5";"Swan";"Second1";"Normal";"None";;"74020";"2643";"12640";"4080";"12412";"9799";"7892";"4061";"10780";"4130";"5310";"0";"0";"0";"0";"0";"2019-02-26 15:37:37"
"5";"Swan";"Third1";"Normal";"None";;"78354";"1841";"9759";"19540";"1772";"3771";"12851";"4671";"6062";"3242";"1973";"0";"0";"0";"0";"0";"2019-02-26 15:40:21"
"5";"Swan";"Test1";"Normal";"None";;"48480";"48481";"0";"0";"0";"0";"0";"0";"0";"0";"0";"0";"0";"0";"0";"0";"2019-02-26 15:41:39"
"5";"Swan";"Test2";"Normal";"None";;"37230";"37231";"0";"0";"0";"0";"0";"0";"0";"0";"0";"0";"0";"0";"0";"0";"2019-02-26 15:46:35"
"5";"Boat";"First2";"Augmented";"None";"14";"132444";"4760";"3345";"9321";"11640";"6520";"1901";"6292";"6561";"7170";"2761";"3201";"7784";"7723";"42861";"2700";"2019-02-26 15:50:00"
"5";"Boat";"Second2";"Augmented";"None";;"95392";"4781";"1902";"4571";"9921";"7587";"1310";"5072";"12963";"6220";"3090";"1962";"13641";"10761";"11481";"11481";"2019-02-26 15:52:40"
"5";"Boat";"Third2";"Augmented";"None";;"80513";"5441";"1442";"8660";"7310";"4081";"1770";"3361";"6941";"5931";"4280";"4051";"3942";"4704";"14451";"3890";"2019-02-26 15:54:37"
"5";"Boat";"Test1";"Augmented";"None";;"61751";"61752";"0";"0";"0";"0";"0";"0";"0";"0";"0";"0";"0";"0";"0";"0";"2019-02-26 15:57:07"
"5";"Boat";"Test2";"Augmented";"None";;"59460";"59461";"0";"0";"0";"0";"0";"0";"0";"0";"0";"0";"0";"0";"0";"0";"2019-02-26 16:02:28"
"6";"Boat";"First1";"Augmented";"None";;"133939";"8695";"3492";"15320";"12931";"19741";"2752";"4930";"12650";"13140";"5761";"8761";"9950";"5342";"6222";"4150";"2019-03-01 13:08:13"
"6";"Boat";"Second1";"Augmented";"None";;"120330";"13181";"4381";"10612";"10292";"10115";"1600";"5175";"14062";"8452";"4121";"6491";"5582";"17670";"5490";"3011";"2019-03-01 13:10:24"
"6";"Boat";"Third1";"Augmented";"None";;"103940";"6560";"1961";"10102";"11780";"7900";"2201";"6201";"3961";"15700";"3901";"9530";"4200";"13560";"5273";"1030";"2019-03-01 13:12:44"
"6";"Boat";"Test1";"Augmented";"None";;"76682";"76682";"0";"0";"0";"0";"0";"0";"0";"0";"0";"0";"0";"0";"0";"0";"2019-03-01 13:14:23"
"6";"Boat";"Test2";"Augmented";"None";;"70221";"70212";"0";"0";"0";"0";"0";"0";"0";"0";"0";"0";"0";"0";"0";"0";"2019-03-01 13:21:19"
"6";"Swan";"First2";"Normal";"None";;"127561";"2351";"24651";"5391";"26383";"18672";"9940";"5122";"16251";"7620";"11121";"0";"0";"0";"0";"0";"2019-03-01 13:24:10"
"6";"Swan";"Second2";"Normal";"None";;"99652";"2672";"20710";"4020";"23740";"15151";"6152";"3781";"5601";"12991";"4762";"0";"0";"0";"0";"0";"2019-03-01 13:26:13"
"6";"Swan";"Third2";"Normal";"None";;"100852";"1412";"19271";"4481";"28940";"11891";"9080";"6561";"5931";"6241";"7000";"0";"0";"0";"0";"0";"2019-03-01 13:28:15"
"6";"Swan";"Test1";"Normal";"None";;"80671";"80671";"0";"0";"0";"0";"0";"0";"0";"0";"0";"0";"0";"0";"0";"0";"2019-03-01 13:29:58"
"6";"Swan";"Test2";"Normal";"None";;"59971";"59971";"0";"0";"0";"0";"0";"0";"0";"0";"0";"0";"0";"0";"0";"0";"2019-03-01 13:36:26"
"7";"Swan";"First1";"Augmented";"None";;"343947";"2413";"67392";"8581";"152374";"29331";"10661";"10474";"18000";"8891";"35753";"0";"0";"0";"0";"0";"2019-03-01 14:35:39"
"7";"Swan";"Second1";"Augmented";"None";;"176044";"2401";"36742";"3241";"60914";"17653";"12551";"3051";"19961";"11871";"7590";"0";"0";"0";"0";"0";"2019-03-01 14:38:53"
"7";"Swan";"Third1";"Augmented";"None";;"143663";"2061";"59522";"6281";"31891";"8552";"10032";"5661";"7091";"10420";"2093";"0";"0";"0";"0";"0";"2019-03-01 14:41:35"
"7";"Swan";"Test1";"Augmented";"None";;"166446";"166448";"0";"0";"0";"0";"0";"0";"0";"0";"0";"0";"0";"0";"0";"0";"2019-03-01 14:44:47"
"7";"Swan";"Test2";"Augmented";"None";;"183054";"183054";"0";"0";"0";"0";"0";"0";"0";"0";"0";"0";"0";"0";"0";"0";"2019-03-01 14:53:13"
"7";"Boat";"First2";"Normal";"None";;"235372";"1683";"19430";"46822";"22491";"15810";"2511";"17712";"16533";"17542";"7351";"6329";"4901";"30828";"23011";"2313";"2019-03-01 14:57:46"
"7";"Boat";"Second2";"Normal";"None";;"129004";"8983";"4370";"20341";"15411";"6550";"1291";"14402";"4921";"11651";"2130";"10932";"1833";"7102";"4870";"14110";"2019-03-01 15:00:16"
"7";"Boat";"Third2";"Normal";"None";;"148903";"16280";"5052";"18440";"25181";"8492";"2761";"5181";"10321";"9965";"2021";"11670";"2921";"4871";"8680";"16981";"2019-03-01 15:03:02"
"7";"Boat";"Test1";"Normal";"None";;"106062";"106062";"0";"0";"0";"0";"0";"0";"0";"0";"0";"0";"0";"0";"0";"0";"2019-03-01 15:05:05"
"7";"Boat";"Test2";"Normal";"None";;"126963";"126963";"0";"0";"0";"0";"0";"0";"0";"0";"0";"0";"0";"0";"0";"0";"2019-03-01 15:12:29"
"8";"Boat";"First1";"Normal";"None";;"338110";"6051";"3681";"13461";"23861";"26231";"3630";"11191";"52622";"33812";"5580";"23521";"61002";"51741";"6111";"15491";"2019-03-01 16:00:30"
"8";"Boat";"Second1";"Normal";"None";;"263486";"5361";"3141";"18100";"22441";"13192";"3140";"6921";"25861";"15520";"4661";"18631";"68972";"44721";"7541";"5190";"2019-03-01 16:05:16"
"8";"Boat";"Third1";"Normal";"None";;"231156";"4791";"3651";"16642";"17361";"9782";"1922";"4150";"33122";"17502";"2631";"12511";"73394";"22132";"5380";"6091";"2019-03-01 16:09:24"
"8";"Boat";"Test1";"Normal";"None";;"154244";"154245";"0";"0";"0";"0";"0";"0";"0";"0";"0";"0";"0";"0";"0";"0";"2019-03-01 16:12:30"
"8";"Boat";"Test2";"Normal";"None";;"98343";"98344";"0";"0";"0";"0";"0";"0";"0";"0";"0";"0";"0";"0";"0";"0";"2019-03-01 16:21:30"
"8";"Swan";"First2";"Augmented";"None";;"126534";"3755";"20501";"8012";"19982";"17581";"8931";"5610";"11672";"20343";"10083";"0";"0";"0";"0";"0";"2019-03-01 16:24:18"
"8";"Swan";"Second2";"Augmented";"None";;"124245";"3571";"17712";"6761";"27901";"17351";"5120";"9413";"10744";"13030";"12594";"0";"0";"0";"0";"0";"2019-03-01 16:26:58"
"8";"Swan";"Third2";"Augmented";"None";;"90302";"1533";"14751";"7051";"20501";"10861";"4641";"8004";"9132";"13351";"421";"0";"0";"0";"0";"0";"2019-03-01 16:28:47"
"8";"Swan";"Test1";"Augmented";"None";;"63872";"63872";"0";"0";"0";"0";"0";"0";"0";"0";"0";"0";"0";"0";"0";"0";"2019-03-01 16:30:12"
"8";"Swan";"Test2";"Augmented";"None";;"61802";"61803";"0";"0";"0";"0";"0";"0";"0";"0";"0";"0";"0";"0";"0";"0";"2019-03-01 16:37:35"
"9";"Swan";"First1";"Normal";"None";;"123168";"1325";"25710";"4250";"6597";"13199";"8960";"3933";"7889";"23655";"15593";"0";"0";"0";"0";"0";"2019-03-05 14:13:36"
"9";"Swan";"Second1";"Normal";"None";;"110016";"1952";"27009";"2537";"30930";"17313";"6573";"4196";"10301";"3689";"5474";"0";"0";"0";"0";"0";"2019-03-05 14:16:22"
"9";"Swan";"Third1";"Normal";"None";;"60746";"2142";"18571";"1746";"13199";"7274";"2324";"2527";"7305";"3800";"1819";"0";"0";"0";"0";"0";"2019-03-05 14:17:58"
"9";"Swan";"Test1";"Normal";"None";;"47608";"47607";"0";"0";"0";"0";"0";"0";"0";"0";"0";"0";"0";"0";"0";"0";"2019-03-05 14:28:19"
"9";"Boat";"Second2";"Augmented";"None";;"108845";"8780";"2157";"12694";"18110";"13835";"541";"2932";"7562";"8703";"2823";"3278";"13261";"11423";"1170";"1506";"2019-03-05 14:36:08"
"9";"Boat";"Third2";"Augmented";"None";;"80606";"7597";"1804";"6492";"10866";"6610";"1164";"4278";"11796";"5868";"1109";"5324";"4263";"5085";"3973";"4315";"2019-03-05 14:37:54"
"9";"Boat";"Test1";"Augmented";"None";;"69019";"69019";"0";"0";"0";"0";"0";"0";"0";"0";"0";"0";"0";"0";"0";"0";"2019-03-05 14:47:48"
"10";"Boat";"First1";"Augmented";"None";;"119351";"8801";"1600";"14641";"7392";"8853";"1925";"2442";"9330";"5053";"2976";"7741";"6190";"8453";"3958";"29905";"2019-03-05 15:39:28"
"10";"Boat";"Second1";"Augmented";"None";;"113998";"7896";"1952";"8867";"10501";"9620";"1991";"4572";"13527";"6383";"3110";"12001";"4256";"19444";"3361";"6421";"2019-03-05 15:41:57"
"10";"Boat";"Third1";"Augmented";"None";;"84888";"7799";"1490";"8541";"10011";"11803";"1830";"1324";"8746";"10695";"1378";"7773";"3506";"6128";"2571";"1217";"2019-03-05 15:43:52"
"10";"Boat";"Test1";"Augmented";"None";;"69667";"69667";"0";"0";"0";"0";"0";"0";"0";"0";"0";"0";"0";"0";"0";"0";"2019-03-05 15:56:07"
"10";"Swan";"First2";"Normal";"None";;"115305";"3871";"23349";"7421";"17537";"15936";"7688";"7304";"6850";"12283";"13021";"0";"0";"0";"0";"0";"2019-03-05 15:58:45"
"10";"Swan";"Second2";"Normal";"None";;"85627";"1312";"21076";"5609";"16677";"10730";"4489";"3533";"10554";"9258";"2362";"0";"0";"0";"0";"0";"2019-03-05 16:00:34"
"10";"Swan";"Third2";"Normal";"None";;"73997";"1557";"17489";"5245";"14034";"10794";"4591";"6705";"4088";"7273";"2173";"0";"0";"0";"0";"0";"2019-03-05 16:03:56"
"10";"Swan";"Test1";"Normal";"None";;"78374";"78373";"0";"0";"0";"0";"0";"0";"0";"0";"0";"0";"0";"0";"0";"0";"2019-03-05 16:13:16"
"11";"Swan";"First1";"Augmented";"None";;"119135";"10115";"21748";"4087";"24073";"17690";"6620";"6959";"10748";"10756";"6290";"0";"0";"0";"0";"0";"2019-03-07 14:07:09"
"11";"Swan";"Second1";"Augmented";"None";;"77379";"2693";"10657";"5562";"19122";"11190";"5884";"4709";"5072";"7176";"2883";"0";"0";"0";"0";"0";"2019-03-07 14:08:52"
"11";"Swan";"Third1";"Augmented";"None";;"73151";"2466";"9608";"4786";"11587";"4950";"12069";"4704";"8228";"10133";"2848";"0";"0";"0";"0";"0";"2019-03-07 14:10:28"
"11";"Swan";"Test1";"Augmented";"None";;"49677";"49677";"0";"0";"0";"0";"0";"0";"0";"0";"0";"0";"0";"0";"0";"0";"2019-03-07 14:21:31"
"11";"Boat";"First2";"Normal";"finishedStep12";;"174735";"8317";"3687";"10905";"32730";"5758";"3403";"3875";"6980";"11763";"7968";"3247";"0";"0";"0";"0";"2019-03-07 14:25:02"
"11";"Boat";"Second2";"Normal";"None";;"137522";"6899";"2867";"7696";"12089";"8555";"1985";"5261";"16728";"10141";"1868";"4807";"23942";"19880";"4768";"9955";"2019-03-07 14:27:49"
"11";"Boat";"Third2";"Normal";"None";;"119650";"3758";"4076";"7220";"12626";"7256";"3202";"6108";"10989";"7347";"12153";"4371";"4058";"11057";"16897";"8449";"2019-03-07 14:30:10"
"11";"Boat";"Test1";"Normal";"None";;"73725";"73725";"0";"0";"0";"0";"0";"0";"0";"0";"0";"0";"0";"0";"0";"0";"2019-03-07 14:41:48"
"12";"Boat";"First1";"Normal";"None";;"225971";"10672";"3340";"9120";"18589";"23429";"4332";"6331";"40020";"24989";"5260";"7480";"8560";"38861";"19399";"5501";"2019-04-05 09:04:38"
"12";"Boat";"Third1";"Normal";"None";;"143475";"11022";"2700";"16320";"19900";"9770";"2141";"11090";"11190";"18690";"3043";"6171";"3071";"7880";"7420";"12991";"2019-04-05 09:07:51"
"12";"Boat";"Third1";"Normal";"None";;"122294";"9410";"2220";"10780";"16219";"9571";"1391";"8214";"13241";"8831";"11351";"1781";"7241";"9051";"6222";"6671";"2019-04-05 09:10:06"
"12";"Boat";"Test1";"Normal";"None";;"150184";"150184";"0";"0";"0";"0";"0";"0";"0";"0";"0";"0";"0";"0";"0";"0";"2019-04-05 09:19:28"
"12";"Swan";"First2";"Augmented";"None";;"188101";"4131";"67967";"3350";"39418";"16930";"13440";"1070";"23970";"5161";"12600";"0";"0";"0";"0";"0";"2019-04-05 09:23:36"
"12";"Swan";"Second2";"Augmented";"None";;"113315";"3282";"28099";"2332";"36069";"12171";"7600";"2241";"10563";"5691";"5230";"0";"0";"0";"0";"0";"2019-04-05 09:25:44"
"12";"Swan";"Third2";"Augmented";"None";;"111905";"8790";"29849";"2730";"31219";"10151";"3801";"2331";"8280";"7911";"6780";"0";"0";"0";"0";"0";"2019-04-05 09:27:50"
"12";"Swan";"Test1";"Augmented";"None";;"112291";"112291";"0";"0";"0";"0";"0";"0";"0";"0";"0";"0";"0";"0";"0";"0";"2019-04-05 09:36:49"
"13";"Swan";"First1";"Normal";"finishedStep9";"9 and 10";"117309";"1761";"14690";"15340";"1810";"15740";"11162";"18830";"1531";"15961";"0";"0";"0";"0";"0";"0";"2019-04-05 10:31:55"
"13";"Swan";"Second1";"Normal";"None";;"120358";"3443";"29262";"4692";"23431";"16151";"8272";"17470";"1301";"7190";"9080";"0";"0";"0";"0";"0";"2019-04-05 10:34:19"
"13";"Swan";"Third1";"Normal";"None";;"76510";"2231";"16591";"16770";"1990";"10841";"6020";"2190";"7080";"8501";"4254";"0";"0";"0";"0";"0";"2019-04-05 10:35:54"
"13";"Swan";"Test1";"Normal";"finishedStep7";"8-10";"79589";"79590";"0";"0";"0";"0";"0";"0";"0";"0";"0";"0";"0";"0";"0";"0";"2019-04-05 10:46:34"
"13";"Boat";"First2";"Augmented";"finishedStep8";"8-15";"190790";"8442";"4711";"11270";"52000";"30150";"2291";"4030";"5510";"0";"0";"0";"0";"0";"0";"0";"2019-04-05 10:50:38"
"13";"Boat";"Second2";"Augmented";"finishedStep12";"12-15";"163988";"20102";"2761";"9260";"20570";"6664";"1511";"3930";"7901";"24160";"1941";"2190";"0";"0";"0";"0";"2019-04-05 10:53:45"
"13";"Boat";"Third2";"Augmented";"None";;"162555";"10981";"3451";"5540";"15270";"6470";"1241";"5110";"4662";"11990";"780";"1941";"7540";"55765";"22942";"8791";"2019-04-05 10:56:49"
"13";"Boat";"Test1";"Augmented";"None";;"172188";"172189";"0";"0";"0";"0";"0";"0";"0";"0";"0";"0";"0";"0";"0";"0";"2019-04-05 11:09:12"
"14";"Boat";"First1";"Augmented";"finishedStep5";;"132586";"14455";"2041";"10948";"62204";"0";"0";"0";"0";"0";"0";"0";"0";"0";"0";"0";"2019-04-05 15:07:03"
"14";"Boat";"Second1";"Augmented";"finishedStep9";;"184603";"13597";"3897";"24139";"50815";"14369";"1064";"4597";"17255";"0";"0";"0";"0";"0";"0";"0";"2019-04-05 15:12:12"
"14";"Boat";"Third1";"Augmented";"finishedStep13";;"254012";"10190";"4570";"5836";"52764";"9276";"518";"5318";"14243";"25603";"1735";"11699";"9215";"0";"0";"0";"2019-04-05 15:17:04"
"14";"Boat";"Test1";"Augmented";"None";;"273633";"0";"0";"0";"0";"0";"0";"0";"0";"0";"0";"0";"0";"0";"0";"0";"2019-04-05 15:30:31"
"14";"Swan";"First2";"Normal";"finishedStep8";;"179502";"2685";"57544";"14479";"12597";"26096";"34523";"1115";"0";"0";"0";"0";"0";"0";"0";"0";"2019-04-05 15:37:37"
"14";"Swan";"Second2";"Normal";"finishedStep5";;"223008";"2290";"115031";"5981";"50281";"0";"0";"0";"0";"0";"0";"0";"0";"0";"0";"0";"2019-04-05 15:41:59"
"14";"Swan";"Third2";"Normal";"finishedStep6";;"135017";"1799";"17064";"1309";"15888";"52791";"0";"0";"0";"0";"0";"0";"0";"0";"0";"0";"2019-04-05 15:47:02"
"14";"Swan";"Test1";"Normal";"finishedStep4";"3";"86111";"86111";"0";"0";"0";"0";"0";"0";"0";"0";"0";"0";"0";"0";"0";"0";"2019-04-05 15:56:28"
"15";"Swan";"First1";"Augmented";"None";;"179044";"15153";"49158";"4596";"33419";"23974";"8159";"1772";"10394";"13520";"11040";"0";"0";"0";"0";"0";"2019-04-05 16:37:44"
"15";"Swan";"Second1";"Augmented";"finishedStep9";;"87121";"3513";"22191";"2424";"12376";"9635";"3623";"2945";"4638";"0";"0";"0";"0";"0";"0";"0";"2019-04-05 16:39:52"
"15";"Swan";"Third1";"Augmented";"None";;"96624";"2329";"31947";"1140";"14483";"8720";"9447";"12896";"2494";"3575";"9550";"0";"0";"0";"0";"0";"2019-04-05 16:41:59"
"15";"Swan";"Test1";"Augmented";"None";;"108327";"108327";"0";"0";"0";"0";"0";"0";"0";"0";"0";"0";"0";"0";"0";"0";"2019-04-05 16:51:17"
"15";"Boat";"First2";"Normal";"None";;"160076";"12729";"831";"7435";"37387";"61717";"1924";"16513";"10492";"7761";"606";"0";"0";"0";"0";"0";"2019-04-05 16:55:33"
"15";"Boat";"Second2";"Normal";"None";;"108162";"11058";"697";"7245";"28651";"7723";"5176";"4956";"15124";"7010";"2698";"2947";"7593";"716";"5988";"490";"2019-04-05 16:57:37"
"15";"Boat";"Third2";"Normal";"None";;"71564";"1547";"7919";"3216";"5007";"11275";"4635";"1874";"5502";"7631";"3719";"7264";"1916";"3097";"5378";"1515";"2019-04-05 16:59:16"
"15";"Boat";"Test1";"Normal";"None";;"52519";"52519";"0";"0";"0";"0";"0";"0";"0";"0";"0";"0";"0";"0";"0";"0";"2019-04-05 17:05:23"
"16";"Boat";"First1";"Normal";"None";;"215976";"14988";"1984";"14917";"33917";"9435";"2582";"12506";"16458";"23774";"1531";"5703";"12825";"20739";"21851";"22601";"2019-04-12 12:04:57"
"16";"Boat";"Second1";"Normal";"None";;"114221";"11795";"1982";"17069";"15590";"3772";"6203";"1471";"10455";"11535";"6283";"2611";"6233";"7733";"8574";"1611";"2019-04-12 12:07:26"
"16";"Boat";"Third1";"Normal";"None";;"102350";"10826";"2341";"13340";"12346";"5143";"500";"9697";"9665";"8654";"521";"4694";"11706";"7633";"900";"4232";"2019-04-12 12:09:28"
"16";"Boat";"Test1";"Normal";"None";;"65702";"65706";"0";"0";"0";"0";"0";"0";"0";"0";"0";"0";"0";"0";"0";"0";"2019-04-12 12:20:19"
"16";"Swan";"First2Q";"Augmented";"finishedStep2";;"102767";"0";"0";"0";"0";"0";"0";"0";"0";"0";"0";"0";"0";"0";"0";"0";"2019-04-12 12:24:50"
"16";"Swan";"Second2Q";"Augmented";"None";;"110043";"9304";"14617";"2971";"25593";"19402";"12708";"1610";"18651";"1480";"3611";"0";"0";"0";"0";"0";"2019-04-12 12:27:22"
"16";"Swan";"Third2Q";"Augmented";"None";;"86523";"2051";"32126";"3782";"14617";"15227";"3503";"4242";"6333";"3543";"1010";"0";"0";"0";"0";"0";"2019-04-12 12:29:13"
"16";"Swan";"Test1Q";"Augmented";"None";;"81828";"70424";"0";"0";"0";"0";"0";"0";"0";"0";"0";"0";"0";"0";"0";"0";"2019-04-12 12:40:10"
"17";"Swan";"First1Q";"Normal";"finishedStep3";;"170939";"95414";"11045";"0";"0";"0";"0";"0";"0";"0";"0";"0";"0";"0";"0";"0";"2019-04-12 13:38:02"
"17";"Swan";"Second1Q";"Normal";"None";;"195536";"2841";"34279";"23681";"29105";"21908";"26583";"29192";"5953";"12786";"9103";"0";"0";"0";"0";"0";"2019-04-12 13:42:13"
"17";"Swan";"Third1Q";"Normal";"None";;"144428";"4262";"28022";"38787";"412";"13736";"15848";"4441";"16577";"9614";"12626";"0";"0";"0";"0";"0";"2019-04-12 13:45:44"
"17";"Swan";"Test1Q";"Normal";"None";;"89661";"86570";"0";"0";"0";"0";"0";"0";"0";"0";"0";"0";"0";"0";"0";"0";"2019-04-12 13:53:45"
"17";"Boat";"First2";"Augmented";"finishedStep9";;"253535";"15890";"4992";"15037";"41167";"28752";"4302";"17207";"15828";"0";"0";"0";"0";"0";"0";"0";"2019-04-12 14:01:14"
"17";"Boat";"Second2";"Augmented";"None";;"284254";"19500";"4112";"21681";"23521";"15848";"3732";"9505";"26824";"13797";"3462";"11216";"18379";"63141";"23821";"25582";"2019-04-12 14:07:02"
"17";"Boat";"Third2";"Augmented";"None";;"232024";"15749";"3892";"13566";"16577";"7763";"2632";"12407";"13316";"11714";"3571";"8325";"33176";"15266";"27592";"4102";"2019-04-12 14:11:43"
"17";"Boat";"Test1";"Augmented";"None";;"121474";"121475";"0";"0";"0";"0";"0";"0";"0";"0";"0";"0";"0";"0";"0";"0";"2019-04-12 14:24:40"
"18";"Boat";"Second1";"Normal";"None";;"226972";"10970";"4731";"11430";"22771";"46810";"5101";"7060";"7372";"36120";"3391";"10180";"6540";"27330";"22340";"4631";"2019-04-19 09:42:10"
"18";"Boat";"Second1";"Normal";"None";;"200260";"16370";"2750";"9430";"16730";"11410";"2900";"18201";"11810";"22021";"2150";"11840";"6981";"20000";"15843";"31650";"2019-04-19 09:45:52"
"18";"Boat";"Third1";"Normal";"None";;"166960";"12262";"3531";"8050";"12631";"9990";"2731";"13640";"10270";"17630";"2712";"26150";"7561";"7441";"22070";"10091";"2019-04-19 09:48:56"
"18";"Swan";"First2";"Normal";"None";;"182011";"182012";"0";"0";"0";"0";"0";"0";"0";"0";"0";"0";"0";"0";"0";"0";"2019-04-19 10:03:19"
"18";"Swan";"First2";"Normal";"finishedStep8";"2";"130790";"3700";"20141";"4130";"23480";"14660";"13321";"4121";"19671";"7041";"0";"0";"0";"0";"0";"0";"2019-04-19 10:05:32"
"18";"Swan";"Second2";"Normal";"finishedStep8";"9,10";"174871";"3211";"63440";"2820";"31370";"14220";"12061";"3631";"29810";"5421";"8760";"0";"0";"0";"0";"0";"2019-04-19 10:10:08"
"18";"Swan";"Third2";"Normal";"None";;"132551";"1970";"16110";"10681";"35111";"8961";"11081";"4380";"17760";"17092";"9261";"0";"0";"0";"0";"0";"2019-04-19 10:15:15"
"18";"Swan";"Test1";"Normal";"None";;"133991";"133991";"0";"0";"0";"0";"0";"0";"0";"0";"0";"0";"0";"0";"0";"0";"2019-04-19 10:28:39"
"19";"Swan";"First1";"Augmented";"finishedStep2";;"161881";"45931";"20550";"3830";"30290";"17820";"15030";"2760";"0";"0";"0";"0";"0";"0";"0";"0";"2019-04-19 11:01:13"
"19";"Swan";"Second1";"Augmented";"finishedStep9";;"138290";"3423";"28931";"2450";"31170";"13800";"8211";"3091";"15791";"19760";"11560";"0";"0";"0";"0";"0";"2019-04-19 11:04:28"
"19";"Swan";"Third1";"Augmented";"None";"2";"116071";"2842";"24840";"2551";"26980";"13640";"7290";"2611";"20670";"10220";"4241";"0";"0";"0";"0";"0";"2019-04-19 11:07:00"
"19";"Swan";"Test1";"Augmented";"finishedStep5";;"112012";"112000";"0";"0";"0";"0";"0";"0";"0";"0";"0";"0";"0";"0";"0";"0";"2019-04-19 11:19:27"
"19";"Boat";"First2";"Normal";"finishedStep8";;"157220";"73121";"2270";"1610";"1921";"9420";"6700";"1250";"44300";"0";"0";"0";"0";"0";"0";"0";"2019-04-19 11:22:46"
"19";"Boat";"Second2";"Normal";"finishedStep13";;"198291";"12420";"9080";"12681";"4950";"10760";"551";"8245";"41950";"30420";"1213";"7891";"13210";"0";"0";"0";"2019-04-19 11:26:30"
"19";"Boat";"Third2";"Normal";"finishedStep12";;"326140";"8420";"15491";"12180";"7270";"3591";"1221";"5830";"73261";"11242";"6970";"1420";"177091";"1241";"371";"351";"2019-04-19 11:32:34"
"19";"Boat";"Test1";"Normal";"finishedStep5";;"144101";"144100";"0";"0";"0";"0";"0";"0";"0";"0";"0";"0";"0";"0";"0";"0";"2019-04-19 11:43:36"
"20";"Boat";"First1";"Normal";"finishedStep7";;"182730";"6530";"4390";"23821";"36890";"21980";"6760";"0";"0";"0";"0";"0";"0";"0";"0";"0";"2019-04-24 16:17:23"
"20";"Boat";"Second1";"Normal";"finishedStep13";;"357441";"10751";"16050";"4230";"46600";"27283";"2570";"51552";"8630";"32250";"2980";"15660";"22970";"0";"0";"0";"2019-04-24 16:23:46"
"20";"Boat";"Third1";"Normal";"finishedStep8";;"300210";"9540";"6911";"16101";"91412";"13741";"4572";"52331";"0";"0";"0";"0";"0";"0";"0";"0";"2019-04-24 16:29:09"
"20";"Boat";"Test1";"Normal";"finishedStep8";;"317891";"317891";"0";"0";"0";"0";"0";"0";"0";"0";"0";"0";"0";"0";"0";"0";"2019-04-24 16:44:39"
"20";"Swan";"First2";"Augmented";"finishedStep6";;"176701";"3711";"29420";"12680";"23420";"49051";"0";"0";"0";"0";"0";"0";"0";"0";"0";"0";"2019-04-24 16:48:50"
"20";"Swan";"Second2";"Augmented";"finishedStep9";;"247451";"4961";"59400";"2140";"37792";"25470";"17280";"5381";"65741";"0";"0";"0";"0";"0";"0";"0";"2019-04-24 16:53:31"
"20";"Swan";"Third2";"Augmented";"None";;"211700";"2530";"61114";"2522";"57941";"23720";"12600";"4220";"25172";"11131";"10610";"0";"0";"0";"0";"0";"2019-04-24 16:57:43"
"20";"Swan";"Test1";"Augmented";"None";"5";"304270";"304271";"0";"0";"0";"0";"0";"0";"0";"0";"0";"0";"0";"0";"0";"0";"2019-04-24 17:15:08"
"21";"Swan";"First1";"Normal";"None";;"252401";"24023";"73051";"3254";"26260";"15390";"48161";"36470";"9260";"15371";"1041";"0";"0";"0";"0";"0";"2019-04-26 12:34:53"
"21";"Swan";"Second1";"Normal";"None";;"140571";"13671";"25821";"16011";"12170";"23740";"4480";"9640";"8971";"12680";"13270";"0";"0";"0";"0";"0";"2019-04-26 12:37:29"
"21";"Swan";"Third1";"Normal";"None";;"113630";"2820";"21253";"5600";"20040";"14440";"15381";"3630";"11101";"10420";"8811";"0";"0";"0";"0";"0";"2019-04-26 12:39:49"
"21";"Boat";"First1";"Augmented";"None";;"191980";"24991";"3882";"12161";"22242";"10611";"2301";"9261";"9071";"33611";"2540";"11250";"9350";"13450";"15881";"11211";"2019-04-26 12:55:23"
"21";"Boat";"Second1";"Augmented";"None";;"121660";"12230";"2422";"12160";"17460";"7230";"2050";"5691";"4620";"23900";"1730";"9181";"3520";"5660";"8281";"5351";"2019-04-26 12:57:42"
"21";"Boat";"Third1";"Augmented";"None";;"112470";"9991";"2771";"9450";"16832";"7940";"1940";"5821";"10520";"15430";"2030";"8102";"4750";"7551";"4110";"5040";"2019-04-26 12:59:54"
"21";"Boat";"Test1";"Augmented";"None";;"80341";"80341";"0";"0";"0";"0";"0";"0";"0";"0";"0";"0";"0";"0";"0";"0";"2019-04-26 13:10:41"
"22";"Boat";"First1";"Augmented";"None";;"357960";"13190";"3781";"5120";"2083";"65100";"2521";"7110";"19391";"15910";"2330";"4661";"8722";"15363";"14600";"28840";"2019-04-30 10:48:47"
"22";"Boat";"Second1";"Augmented";"None";;"116010";"8960";"2721";"9551";"13191";"7470";"1110";"5251";"15990";"7780";"1753";"8900";"9130";"6643";"6440";"10920";"2019-04-30 10:51:16"
"22";"Boat";"Third1";"Augmented";"None";;"132843";"7231";"2460";"7870";"16482";"8691";"1751";"5661";"15510";"7690";"6570";"5431";"15540";"5440";"15590";"10741";"2019-04-30 10:54:03"
"22";"Boat";"Test1";"Augmented";"None";;"94840";"94840";"0";"0";"0";"0";"0";"0";"0";"0";"0";"0";"0";"0";"0";"0";"2019-04-30 11:06:18"
"22";"Swan";"First2";"Normal";"finishedStep3";"2";"248481";"24761";"66301";"0";"0";"0";"0";"0";"0";"0";"0";"0";"0";"0";"0";"0";"2019-04-30 11:11:25"
"22";"Swan";"Second2";"Normal";"None";;"346451";"2341";"39350";"3061";"35840";"99991";"26770";"720";"1251";"1680";"1141";"0";"0";"0";"0";"0";"2019-04-30 11:17:41"
"22";"Swan";"Third2";"Normal";"None";;"111890";"8153";"27430";"2930";"21570";"12710";"7731";"611";"9361";"6350";"14920";"0";"0";"0";"0";"0";"2019-04-30 11:20:12"
"22";"Swan";"Test1";"Normal";"None";;"93200";"93201";"0";"0";"0";"0";"0";"0";"0";"0";"0";"0";"0";"0";"0";"0";"2019-04-30 11:32:00"
"23";"Swan";"First1";"Normal";"None";;"9241";"0";"0";"0";"0";"0";"0";"0";"0";"0";"0";"0";"0";"0";"0";"0";"2019-05-03 08:49:27"
"23";"Swan";"First1";"Augmented";"None";;"228550";"4330";"49430";"2980";"110180";"10070";"9210";"3200";"21410";"12050";"5610";"0";"0";"0";"0";"0";"2019-05-03 12:10:46"
"23";"Swan";"Second1";"Augmented";"None";;"126230";"3090";"40460";"3260";"32921";"9071";"8520";"3661";"12980";"7211";"4990";"0";"0";"0";"0";"0";"2019-05-03 12:13:11"
"23";"Swan";"Third1";"Augmented";"None";;"120930";"2260";"52081";"2471";"27100";"6920";"7370";"3091";"10231";"5511";"3810";"0";"0";"0";"0";"0";"2019-05-03 12:15:36"
"23";"Swan";"Test1";"Augmented";"None";;"144061";"144061";"0";"0";"0";"0";"0";"0";"0";"0";"0";"0";"0";"0";"0";"0";"2019-05-03 12:27:01"
"23";"Boat";"First2";"Normal";"None";;"135191";"6111";"5420";"6800";"320";"510";"1182";"20490";"4520";"12090";"14960";"2731";"11070";"9030";"18900";"0";"2019-05-03 12:32:30"
"23";"Boat";"Second2";"Normal";"None";;"173661";"3731";"21321";"4490";"17890";"19720";"9720";"3241";"22450";"15300";"20141";"670";"4610";"11640";"10690";"7910";"2019-05-03 12:35:39"
"23";"Boat";"Third2";"Normal";"None";;"156401";"2471";"20500";"6290";"31080";"16710";"12011";"3270";"10180";"12810";"11450";"2880";"5970";"5880";"4080";"10700";"2019-05-03 12:47:29"
"23";"Boat";"Test1";"Normal";"None";;"144660";"144661";"0";"0";"0";"0";"0";"0";"0";"0";"0";"0";"0";"0";"0";"0";"2019-05-03 12:50:09"
"24";"Boat";"First1";"Normal";"None";;"277230";"30546";"8540";"13401";"44392";"13740";"11530";"43730";"26951";"12910";"4080";"14640";"28970";"18461";"471";"4691";"2019-05-06 12:43:26"
"24";"Boat";"Second1";"Normal";"None";;"119751";"8561";"3050";"12860";"15581";"9021";"6540";"6780";"13600";"7530";"2310";"5310";"8400";"16960";"310";"2781";"2019-05-06 12:45:43"
"24";"Boat";"Third1";"Normal";"None";;"85841";"10660";"11461";"600";"11100";"3203";"4621";"7020";"4582";"7361";"380";"6051";"13451";"340";"390";"4430";"2019-05-06 12:47:18"
"24";"Boat";"Test1";"Normal";"None";;"79610";"79611";"0";"0";"0";"0";"0";"0";"0";"0";"0";"0";"0";"0";"0";"0";"2019-05-06 13:00:09"
"24";"Swan";"First2";"Augmented";"None";;"230820";"2791";"62950";"4301";"20620";"21260";"26571";"2690";"20290";"48611";"20600";"0";"0";"0";"0";"0";"2019-05-06 13:05:12"
"24";"Swan";"Second2";"Augmented";"None";;"98860";"25120";"4461";"3911";"18290";"9590";"6062";"3321";"11510";"12640";"3841";"0";"0";"0";"0";"0";"2019-05-06 13:07:24"
"24";"Swan";"Third2";"Augmented";"None";;"67342";"63490";"1510";"231";"200";"170";"161";"163";"170";"300";"843";"0";"0";"0";"0";"0";"2019-05-06 13:08:47"
"24";"Swan";"Test1";"Augmented";"None";;"58050";"58050";"0";"0";"0";"0";"0";"0";"0";"0";"0";"0";"0";"0";"0";"0";"2019-05-06 13:19:55"
"25";"Boat";"First1";"Augmented";"None";;"134420";"10431";"11030";"3064";"12000";"22760";"10195";"2410";"7800";"8370";"8151";"2271";"8610";"4170";"11921";"11058";"2019-05-10 12:23:52"
"25";"Boat";"Second1";"Augmented";"None";;"117641";"5430";"2110";"4170";"7382";"18661";"8121";"17250";"651";"23440";"13343";"961";"5781";"8271";"830";"1071";"2019-05-10 12:26:25"
"25";"Boat";"Third1";"Augmented";"None";;"92620";"3292";"4350";"2881";"8310";"15341";"5540";"2070";"4860";"6080";"9251";"1232";"7242";"6021";"5040";"10910";"2019-05-10 12:28:27"
"25";"Swan";"First2";"Normal";"None";;"67220";"67222";"0";"0";"0";"0";"0";"0";"0";"0";"0";"0";"0";"0";"0";"0";"2019-05-10 12:39:38"
"25";"Swan";"First2";"Normal";"None";;"257021";"2500";"22551";"2001";"123662";"26821";"21680";"7560";"33060";"1590";"15472";"0";"0";"0";"0";"0";"2019-05-10 12:44:40"
"25";"Swan";"Second2";"Normal";"None";;"142700";"10680";"21751";"3700";"21640";"14150";"14271";"2691";"15541";"31611";"6540";"0";"0";"0";"0";"0";"2019-05-10 12:47:11"
"25";"Swan";"Third2";"Normal";"None";;"104930";"2471";"19201";"2100";"29582";"14470";"5920";"2660";"12320";"15430";"661";"0";"0";"0";"0";"0";"2019-05-10 12:49:56"
"25";"Swan";"Test1";"Normal";"None";;"69930";"69931";"0";"0";"0";"0";"0";"0";"0";"0";"0";"0";"0";"0";"0";"0";"2019-05-10 13:00:09"
"26";"Boat";"First1";"Augmented";"None";"3";"275501";"6800";"19051";"73810";"15540";"40681";"57881";"3472";"0";"0";"0";"0";"0";"0";"0";"0";"2019-05-23 09:09:51"
"26";"Boat";"Second1";"Augmented";"None";;"203712";"8051";"10651";"2811";"12851";"25120";"11602";"4470";"8150";"18851";"17873";"1450";"11571";"10131";"40751";"19180";"2019-05-23 09:13:33"
"26";"Boat";"Third1";"Augmented";"None";;"196921";"2762";"10352";"4480";"12331";"16791";"9522";"2510";"12851";"21770";"25151";"2880";"6511";"8320";"46891";"13600";"2019-05-23 09:17:11"
"26";"Boat";"Test1";"Augmented";"None";;"166001";"166000";"0";"0";"0";"0";"0";"0";"0";"0";"0";"0";"0";"0";"0";"0";"2019-05-23 09:31:39"
"26";"Swan";"First2";"Normal";"None";;"164490";"2551";"66400";"3140";"37640";"1861";"25990";"3720";"18360";"520";"0";"0";"0";"0";"0";"0";"2019-05-23 09:35:17"
"26";"Swan";"Second2";"Normal";"None";;"157160";"951";"35630";"2393";"29290";"24730";"6100";"10380";"19850";"26120";"1590";"0";"0";"0";"0";"0";"2019-05-23 09:38:54"
"26";"Swan";"Third2";"Normal";"None";;"133841";"3003";"46112";"1661";"18150";"16361";"8050";"18570";"1760";"15760";"4240";"0";"0";"0";"0";"0";"2019-05-23 09:41:31"
"26";"Swan";"Test1";"Normal";"None";;"2590";"2591";"0";"0";"0";"0";"0";"0";"0";"0";"0";"0";"0";"0";"0";"0";"2019-05-23 09:53:16"
"26";"Swan";"Test1";"Normal";"None";;"109540";"109540";"0";"0";"0";"0";"0";"0";"0";"0";"0";"0";"0";"0";"0";"0";"2019-05-23 09:55:14"
"27";"Swan";"First1";"Augmented";"None";;"164860";"2710";"28171";"19930";"26921";"8280";"23771";"3350";"17231";"12820";"21580";"0";"0";"0";"0";"0";"2019-05-24 09:06:41"
"27";"Swan";"Second1";"Augmented";"None";;"176870";"5820";"38961";"4681";"45630";"15300";"14760";"8430";"25230";"10781";"7180";"0";"0";"0";"0";"0";"2019-05-24 09:09:58"
"27";"Swan";"Third1";"Augmented";"None";;"132960";"2520";"30400";"2880";"42661";"11291";"7981";"3720";"14040";"11080";"6310";"0";"0";"0";"0";"0";"2019-05-24 09:19:24"
"27";"Swan";"Test1";"Augmented";"None";;"131420";"131420";"0";"0";"0";"0";"0";"0";"0";"0";"0";"0";"0";"0";"0";"0";"2019-05-24 09:22:28"
"27";"Boat";"First2";"Normal";"None";;"345620";"7160";"38720";"4381";"33401";"27700";"49950";"2990";"17550";"31920";"24760";"2551";"18481";"11310";"71941";"2670";"2019-05-24 09:28:51"
"27";"Boat";"Second2";"Normal";"None";;"223420";"16940";"5700";"24921";"8410";"26750";"10601";"2930";"22861";"23560";"14310";"3840";"13900";"11800";"16090";"20681";"2019-05-24 09:32:52"
"27";"Boat";"Third2";"Normal";"None";;"168650";"8330";"7321";"2680";"20440";"24530";"8931";"2251";"19771";"13870";"11911";"2490";"9340";"8550";"14090";"14020";"2019-05-24 09:35:59"
"27";"Boat";"Test1";"Normal";"None";;"149340";"149340";"0";"0";"0";"0";"0";"0";"0";"0";"0";"0";"0";"0";"0";"0";"2019-05-24 09:43:53"
"28";"Boat";"First1";"Normal";"None";;"198250";"8690";"16530";"15910";"9900";"21520";"16780";"5320";"12420";"13360";"18230";"4930";"13060";"10280";"19110";"12081";"2019-05-24 11:41:38"
"28";"Boat";"Second1";"Normal";"None";;"133100";"12000";"6950";"3380";"14130";"13190";"6710";"2180";"8661";"17080";"9340";"8220";"2510";"17031";"4871";"6720";"2019-05-24 11:44:15"
"28";"Boat";"Third1";"Normal";"None";;"91821";"8730";"5120";"2910";"12191";"11131";"6610";"6510";"770";"9020";"6591";"6210";"1130";"5780";"4851";"4160";"2019-05-24 11:46:06"
"28";"Boat";"Test1";"Normal";"None";;"60910";"60910";"0";"0";"0";"0";"0";"0";"0";"0";"0";"0";"0";"0";"0";"0";"2019-05-24 11:57:01"
"28";"Swan";"First2";"Augmented";"None";;"223660";"8270";"43470";"6460";"84700";"18060";"25661";"5060";"11330";"14351";"6210";"0";"0";"0";"0";"0";"2019-05-24 12:01:09"
"28";"Swan";"Second2";"Augmented";"None";;"111580";"5840";"27170";"4220";"28560";"14070";"7220";"3790";"7900";"8450";"4270";"0";"0";"0";"0";"0";"2019-05-24 12:03:16"
"28";"Swan";"Third2";"Augmented";"None";;"104151";"5541";"22560";"4110";"25760";"10620";"7520";"6340";"8210";"7110";"6280";"0";"0";"0";"0";"0";"2019-05-24 12:05:14"
"28";"Swan";"Test1";"Augmented";"None";;"65680";"65680";"0";"0";"0";"0";"0";"0";"0";"0";"0";"0";"0";"0";"0";"0";"2019-05-24 12:14:18"
"28";"Swan";"First1";"Normal";"finishedStep1";;"125740";"4180";"13531";"5541";"21420";"10540";"13141";"3860";"15550";"35280";"2581";"0";"0";"0";"0";"0";"2019-05-28 11:55:46"
"28";"Swan";"Second1";"Normal";"finishedStep2";;"190081";"2731";"51670";"17560";"9091";"13000";"13190";"27020";"2070";"53180";"411";"0";"0";"0";"0";"0";"2019-05-28 11:59:22"
"28";"Swan";"Test1";"Normal";"None";;"137921";"3031";"3141";"3780";"35090";"13811";"9562";"3290";"40870";"13833";"11380";"0";"0";"0";"0";"0";"2019-05-28 12:10:52"
"28";"Swan";"Test1";"Normal";"None";;"110810";"110810";"0";"0";"0";"0";"0";"0";"0";"0";"0";"0";"0";"0";"0";"0";"2019-05-28 12:12:49"
"28";"Boat";"First2";"Augmented";"finishedStep14";"6";"229853";"5900";"9681";"6910";"11120";"22610";"35261";"3630";"14370";"15240";"25671";"2500";"12291";"14471";"0";"0";"2019-05-28 12:17:19"
"28";"Boat";"Second2";"Augmented";"None";;"216143";"2471";"9231";"1390";"10970";"17412";"24120";"3050";"12971";"19721";"31310";"2662";"24740";"5470";"11710";"38722";"2019-05-28 12:21:48"
"28";"Boat";"Third2";"Augmented";"None";;"146530";"10240";"1420";"22830";"3713";"28380";"8910";"1942";"11441";"8610";"22151";"921";"10850";"5340";"5650";"3930";"2019-05-28 12:24:34"
"28";"Boat";"Test1";"Augmented";"None";;"120691";"120690";"0";"0";"0";"0";"0";"0";"0";"0";"0";"0";"0";"0";"0";"0";"2019-05-28 12:33:01"
"30";"Boat";"First1";"Augmented";"None";;"435160";"15220";"18010";"4181";"3461";"9660";"14350";"3131";"2070";"27370";"34760";"2260";"6740";"14861";"24660";"14550";"2019-05-31 11:16:14"
"30";"Boat";"Second1";"Augmented";"None";;"325300";"15390";"28600";"48941";"6540";"25730";"14041";"3360";"5770";"12900";"19181";"2750";"8710";"9380";"16400";"25880";"2019-05-31 11:22:03"
"30";"Boat";"Third1";"Augmented";"None";;"197790";"3040";"14580";"3310";"9951";"12840";"12510";"1500";"12190";"8060";"25170";"820";"6101";"6391";"41520";"39680";"2019-05-31 11:26:37"
"30";"Boat";"Test1";"Augmented";"None";;"83560";"83560";"0";"0";"0";"0";"0";"0";"0";"0";"0";"0";"0";"0";"0";"0";"2019-05-31 11:36:57"
"30";"Swan";"First2";"Normal";"None";;"277071";"13521";"29361";"127031";"22690";"3930";"19401";"3380";"27810";"22200";"7661";"0";"0";"0";"0";"0";"2019-05-31 11:41:57"
"30";"Swan";"Second2";"Normal";"None";;"113910";"4010";"32970";"25111";"11480";"8170";"18890";"391";"8961";"2550";"1280";"0";"0";"0";"0";"0";"2019-05-31 11:44:12"
"30";"Swan";"Third2";"Normal";"None";;"100570";"49150";"2350";"19760";"2620";"9690";"4110";"1710";"4971";"3810";"2330";"0";"0";"0";"0";"0";"2019-05-31 11:46:11"
"30";"Swan";"Test1";"Normal";"None";;"63540";"63540";"0";"0";"0";"0";"0";"0";"0";"0";"0";"0";"0";"0";"0";"0";"2019-05-31 11:55:07"
"31";"Swan";"First1";"Augmented";"None";;"244590";"97761";"3781";"3340";"25220";"15780";"9741";"3341";"21940";"14191";"13460";"0";"0";"0";"0";"0";"2019-05-31 12:40:12"
"31";"Swan";"Second1";"Augmented";"None";;"176541";"3261";"24060";"3630";"38750";"19451";"9740";"3430";"35190";"31360";"7530";"0";"0";"0";"0";"0";"2019-05-31 12:43:28"
"31";"Swan";"Third1";"Augmented";"None";;"103931";"2191";"18380";"2460";"24390";"10860";"5090";"2010";"18126";"11151";"9140";"0";"0";"0";"0";"0";"2019-05-31 12:45:38"
"31";"Swan";"Test1";"Augmented";"None";;"85800";"85801";"0";"0";"0";"0";"0";"0";"0";"0";"0";"0";"0";"0";"0";"0";"2019-05-31 12:58:05"
"31";"Boat";"First2";"Normal";"None";;"321530";"19160";"1480";"4901";"11690";"36180";"38140";"9571";"8561";"20211";"32640";"1390";"15331";"10980";"81951";"29171";"2019-05-31 13:03:41"
"31";"Boat";"Second2";"Normal";"None";;"183980";"3412";"12770";"4751";"8200";"18560";"7280";"2290";"9740";"25060";"15990";"2280";"12071";"17130";"29950";"14330";"2019-05-31 13:07:02"
"31";"Boat";"Third2";"Normal";"None";;"138600";"2690";"10831";"3261";"7710";"16330";"8370";"3841";"8570";"16331";"8863";"2880";"7321";"9050";"18860";"13521";"2019-05-31 13:09:33"
"31";"Boat";"Test1";"Normal";"None";;"106470";"106471";"0";"0";"0";"0";"0";"0";"0";"0";"0";"0";"0";"0";"0";"0";"2019-05-31 13:22:18"
"32";"Boat";"First1";"Normal";"finishedStep6";;"160550";"24420";"10021";"1391";"35230";"28370";"0";"0";"0";"0";"0";"0";"0";"0";"0";"0";"2019-05-31 15:46:55"
"32";"Boat";"Second1";"Normal";"finishedStep8";;"201231";"10231";"11361";"29240";"11410";"15861";"10801";"55040";"0";"0";"0";"0";"0";"0";"0";"0";"2019-05-31 15:50:45"
"32";"Boat";"Third1";"Normal";"None";;"261800";"15100";"8091";"19181";"23016";"2150";"90920";"8141";"1610";"25470";"11831";"40450";"320";"1671";"11010";"0";"2019-05-31 15:55:34"
"32";"Boat";"Test1";"Normal";"None";;"146630";"146631";"0";"0";"0";"0";"0";"0";"0";"0";"0";"0";"0";"0";"0";"0";"2019-05-31 16:09:35"
"32";"Swan";"First2";"Augmented";"finishedStep9";;"158790";"23040";"29321";"5822";"24990";"9010";"16770";"7421";"21401";"0";"0";"0";"0";"0";"0";"0";"2019-05-31 16:13:12"
"32";"Swan";"Second2";"Augmented";"None";;"140940";"1260";"17151";"2791";"17011";"9630";"9401";"4000";"17201";"50720";"11630";"0";"0";"0";"0";"0";"2019-05-31 16:16:32"
"32";"Swan";"Test1";"Augmented";"None";;"83840";"83840";"0";"0";"0";"0";"0";"0";"0";"0";"0";"0";"0";"0";"0";"0";"2019-05-31 16:32:48"
